<?xml version="1.0" encoding="utf-8" ?>
<dwsync>
<file name="neotech-light.eot" server="163.53.149.2/public_html/brilliant/brilliant_connect/" local="131543158800000000" remote="131543158800000000" Dst="0" />
<file name="neotech-light.woff" server="163.53.149.2/public_html/brilliant/brilliant_connect/" local="131543158800000000" remote="131543158800000000" Dst="0" />
<file name="neotech-light.ttf" server="163.53.149.2/public_html/brilliant/brilliant_connect/" local="131543158800000000" remote="131543158800000000" Dst="0" />
<file name="neotech-light.svg" server="163.53.149.2/public_html/brilliant/brilliant_connect/" local="131543158800000000" remote="131543158800000000" Dst="0" />
<file name="neotech-light.eot" server="163.53.149.2/public_html/app/" local="131543158800000000" remote="131543158800000000" Dst="0" />
<file name="neotech-light.woff" server="163.53.149.2/public_html/app/" local="131543158800000000" remote="131543158800000000" Dst="0" />
<file name="neotech-light.ttf" server="163.53.149.2/public_html/app/" local="131543158800000000" remote="131543158800000000" Dst="0" />
<file name="neotech-light.svg" server="163.53.149.2/public_html/app/" local="131543158800000000" remote="131543158800000000" Dst="0" />
<file name="neotech-light.eot" server="brilliant.com.bd/public_html/test/" local="131641094720000000" remote="131743006200000000" Dst="0" />
<file name="neotech-light.woff" server="brilliant.com.bd/public_html/test/" local="131641094720000000" remote="131743006200000000" Dst="0" />
<file name="neotech-light.ttf" server="brilliant.com.bd/public_html/test/" local="131641094720000000" remote="131743006200000000" Dst="0" />
<file name="neotech-light.svg" server="brilliant.com.bd/public_html/test/" local="131641094720000000" remote="131743006200000000" Dst="0" />
</dwsync>