<?xml version="1.0" encoding="utf-8" ?>
<dwsync>
<file name="Roboto-Bold-Condensed.ttf.woff" server="163.53.149.2/public_html/brilliant/brilliant_connect/" local="130005605020000000" remote="131563315800000000" Dst="0" />
<file name="Roboto-Bold-Condensed.ttf.eot" server="163.53.149.2/public_html/brilliant/brilliant_connect/" local="130005605020000000" remote="131563315800000000" Dst="0" />
<file name="Roboto-Bold-Condensed.ttf.woff" server="163.53.149.2/public_html/app/" local="130005605020000000" remote="131579766000000000" Dst="0" />
<file name="Roboto-Bold-Condensed.ttf.eot" server="163.53.149.2/public_html/app/" local="130005605020000000" remote="131579766000000000" Dst="0" />
<file name="install-a-webfont.txt" server="163.53.149.2/public_html/app/" local="130005610300000000" remote="131593515600000000" Dst="0" />
<file name="webfonts.ffonts.net.htm" server="163.53.149.2/public_html/app/" local="129748267760000000" remote="131593515600000000" Dst="0" />
<file name="Roboto-Bold-Condensed.ttf.svg" server="163.53.149.2/public_html/app/" local="130005605020000000" remote="131593515600000000" Dst="0" />
<file name="Roboto-Bold-Condensed.ttf.woff" server="brilliant.com.bd/public_html/test/" local="131641094720000000" remote="131743006200000000" Dst="0" />
<file name="Roboto-Bold-Condensed.ttf.eot" server="brilliant.com.bd/public_html/test/" local="131641094720000000" remote="131743006200000000" Dst="0" />
</dwsync>