<?xml version="1.0" encoding="utf-8" ?>
<dwsync>
<file name="pero-light.eot" server="163.53.149.2/public_html/brilliant/brilliant_connect/" local="130661794520000000" remote="131563315800000000" Dst="0" />
<file name="pero-light.woff2" server="163.53.149.2/public_html/brilliant/brilliant_connect/" local="130661794520000000" remote="131563315800000000" Dst="0" />
<file name="pero-light.woff" server="163.53.149.2/public_html/brilliant/brilliant_connect/" local="130661794520000000" remote="131563315800000000" Dst="0" />
<file name="pero-light.ttf" server="163.53.149.2/public_html/brilliant/brilliant_connect/" local="130661794520000000" remote="131563315800000000" Dst="0" />
<file name="pero-light.eot" server="163.53.149.2/public_html/app/" local="130661794520000000" remote="131579766000000000" Dst="0" />
<file name="pero-light.woff2" server="163.53.149.2/public_html/app/" local="130661794520000000" remote="131579766000000000" Dst="0" />
<file name="pero-light.woff" server="163.53.149.2/public_html/app/" local="130661794520000000" remote="131579766000000000" Dst="0" />
<file name="pero-light.ttf" server="163.53.149.2/public_html/app/" local="130661794520000000" remote="131579766000000000" Dst="0" />
<file name="pero-light.svg" server="163.53.149.2/public_html/app/" local="130661794520000000" remote="131593515600000000" Dst="0" />
<file name="pero-light.eot" server="brilliant.com.bd/public_html/test/" local="131641094720000000" remote="131743006200000000" Dst="0" />
<file name="pero-light.woff2" server="brilliant.com.bd/public_html/test/" local="131641094720000000" remote="131743006200000000" Dst="0" />
<file name="pero-light.woff" server="brilliant.com.bd/public_html/test/" local="131641094720000000" remote="131743006200000000" Dst="0" />
<file name="pero-light.ttf" server="brilliant.com.bd/public_html/test/" local="131641094720000000" remote="131743006200000000" Dst="0" />
</dwsync>